Tick;Step;DateTime;actionPoints;color;currStance;energy;hasMoved;magazineCount;memberID;movementDelay;points;stage;tagged;taggedCounter;visibilityRange;visualRange;wasTagged;wasTaggedCounter;xSpawn;ySpawn;0_Position;1_Position;ID
0;0;2019-01-01T11:00:00.0000000+01:00;10;green;standing;100;False;5;3;0;0;0;False;0;10;10;False;0;50;49;50;49;007b9c32-7846-4ab0-a5f9-a376fc1eee0e
0;0;2019-01-01T11:00:00.0000000+01:00;10;green;standing;100;False;5;2;0;0;0;False;0;10;10;False;0;50;50;50;50;38f2f1e0-83c3-460e-9565-bbe9ce117726
0;0;2019-01-01T11:00:00.0000000+01:00;10;green;standing;100;False;5;1;0;0;0;False;0;10;10;False;0;49;50;49;50;b63c1a2a-65c2-4df7-83f8-732ea4c60068
1;1;2019-01-01T11:00:01.0000000+01:00;10;green;standing;100;False;5;3;0;0;0;False;0;10;10;False;0;50;49;49;48;007b9c32-7846-4ab0-a5f9-a376fc1eee0e
1;1;2019-01-01T11:00:01.0000000+01:00;10;green;standing;100;False;5;2;0;0;0;False;0;10;10;False;0;50;50;49;49;38f2f1e0-83c3-460e-9565-bbe9ce117726
1;1;2019-01-01T11:00:01.0000000+01:00;10;green;standing;100;False;5;1;0;0;0;False;0;10;10;False;0;49;50;48;49;b63c1a2a-65c2-4df7-83f8-732ea4c60068
2;2;2019-01-01T11:00:02.0000000+01:00;10;green;standing;100;False;5;3;0;0;0;False;0;10;10;False;0;50;49;48;48;007b9c32-7846-4ab0-a5f9-a376fc1eee0e
2;2;2019-01-01T11:00:02.0000000+01:00;10;green;standing;100;False;5;2;0;0;0;False;0;10;10;False;0;50;50;48;48;38f2f1e0-83c3-460e-9565-bbe9ce117726
2;2;2019-01-01T11:00:02.0000000+01:00;10;green;standing;100;False;5;1;0;0;0;False;0;10;10;False;0;49;50;48;48;b63c1a2a-65c2-4df7-83f8-732ea4c60068
3;3;2019-01-01T11:00:03.0000000+01:00;10;green;standing;100;False;5;3;0;0;0;False;0;10;10;False;0;50;49;47;47;007b9c32-7846-4ab0-a5f9-a376fc1eee0e
3;3;2019-01-01T11:00:03.0000000+01:00;10;green;standing;100;False;5;2;0;0;0;False;0;10;10;False;0;50;50;47;47;38f2f1e0-83c3-460e-9565-bbe9ce117726
3;3;2019-01-01T11:00:03.0000000+01:00;10;green;standing;100;False;5;1;0;0;0;False;0;10;10;False;0;49;50;47;47;b63c1a2a-65c2-4df7-83f8-732ea4c60068
4;4;2019-01-01T11:00:04.0000000+01:00;10;green;standing;100;False;5;3;0;0;0;False;0;10;10;False;0;50;49;46;46;007b9c32-7846-4ab0-a5f9-a376fc1eee0e
4;4;2019-01-01T11:00:04.0000000+01:00;10;green;standing;100;False;5;2;0;0;0;False;0;10;10;False;0;50;50;46;46;38f2f1e0-83c3-460e-9565-bbe9ce117726
4;4;2019-01-01T11:00:04.0000000+01:00;10;green;standing;100;False;5;1;0;0;0;False;0;10;10;False;0;49;50;46;46;b63c1a2a-65c2-4df7-83f8-732ea4c60068
5;5;2019-01-01T11:00:05.0000000+01:00;10;green;standing;100;False;5;3;0;0;0;False;0;10;10;False;0;50;49;45;45;007b9c32-7846-4ab0-a5f9-a376fc1eee0e
5;5;2019-01-01T11:00:05.0000000+01:00;10;green;standing;100;False;5;2;0;0;0;False;0;10;10;False;0;50;50;45;45;38f2f1e0-83c3-460e-9565-bbe9ce117726
5;5;2019-01-01T11:00:05.0000000+01:00;10;green;standing;100;False;5;1;0;0;0;False;0;10;10;False;0;49;50;45;45;b63c1a2a-65c2-4df7-83f8-732ea4c60068
6;6;2019-01-01T11:00:06.0000000+01:00;10;green;standing;100;False;5;3;0;0;0;False;0;10;10;False;0;50;49;44;44;007b9c32-7846-4ab0-a5f9-a376fc1eee0e
6;6;2019-01-01T11:00:06.0000000+01:00;10;green;standing;100;False;5;2;0;0;0;False;0;10;10;False;0;50;50;44;44;38f2f1e0-83c3-460e-9565-bbe9ce117726
6;6;2019-01-01T11:00:06.0000000+01:00;10;green;standing;100;False;5;1;0;0;0;False;0;10;10;False;0;49;50;44;44;b63c1a2a-65c2-4df7-83f8-732ea4c60068
7;7;2019-01-01T11:00:07.0000000+01:00;10;green;standing;100;False;5;3;0;0;0;False;0;10;10;False;0;50;49;43;43;007b9c32-7846-4ab0-a5f9-a376fc1eee0e
7;7;2019-01-01T11:00:07.0000000+01:00;10;green;standing;100;False;5;2;0;0;0;False;0;10;10;False;0;50;50;43;43;38f2f1e0-83c3-460e-9565-bbe9ce117726
7;7;2019-01-01T11:00:07.0000000+01:00;10;green;standing;100;False;5;1;0;0;0;False;0;10;10;False;0;49;50;43;43;b63c1a2a-65c2-4df7-83f8-732ea4c60068
8;8;2019-01-01T11:00:08.0000000+01:00;10;green;standing;100;False;5;3;0;0;0;False;0;10;10;False;0;50;49;42;42;007b9c32-7846-4ab0-a5f9-a376fc1eee0e
8;8;2019-01-01T11:00:08.0000000+01:00;10;green;standing;100;False;5;2;0;0;0;False;0;10;10;False;0;50;50;42;42;38f2f1e0-83c3-460e-9565-bbe9ce117726
8;8;2019-01-01T11:00:08.0000000+01:00;10;green;standing;100;False;5;1;0;0;0;False;0;10;10;False;0;49;50;42;42;b63c1a2a-65c2-4df7-83f8-732ea4c60068
9;9;2019-01-01T11:00:09.0000000+01:00;10;green;standing;100;False;5;3;0;0;0;False;0;10;10;False;0;50;49;41;41;007b9c32-7846-4ab0-a5f9-a376fc1eee0e
9;9;2019-01-01T11:00:09.0000000+01:00;10;green;standing;100;False;5;2;0;0;0;False;0;10;10;False;0;50;50;41;41;38f2f1e0-83c3-460e-9565-bbe9ce117726
9;9;2019-01-01T11:00:09.0000000+01:00;10;green;standing;100;False;5;1;0;0;0;False;0;10;10;False;0;49;50;41;41;b63c1a2a-65c2-4df7-83f8-732ea4c60068
10;10;2019-01-01T11:00:10.0000000+01:00;10;green;standing;100;False;5;3;0;0;0;False;0;10;10;False;0;50;49;40;40;007b9c32-7846-4ab0-a5f9-a376fc1eee0e
10;10;2019-01-01T11:00:10.0000000+01:00;10;green;standing;100;False;5;2;0;0;0;False;0;10;10;False;0;50;50;40;40;38f2f1e0-83c3-460e-9565-bbe9ce117726
10;10;2019-01-01T11:00:10.0000000+01:00;10;green;standing;100;False;5;1;0;0;0;False;0;10;10;False;0;49;50;40;40;b63c1a2a-65c2-4df7-83f8-732ea4c60068
11;11;2019-01-01T11:00:11.0000000+01:00;10;green;standing;100;False;5;3;0;0;0;False;0;10;10;False;0;50;49;39;39;007b9c32-7846-4ab0-a5f9-a376fc1eee0e
11;11;2019-01-01T11:00:11.0000000+01:00;10;green;standing;100;False;5;2;0;0;0;False;0;10;10;False;0;50;50;39;39;38f2f1e0-83c3-460e-9565-bbe9ce117726
11;11;2019-01-01T11:00:11.0000000+01:00;10;green;standing;100;False;5;1;0;0;0;False;0;10;10;False;0;49;50;39;39;b63c1a2a-65c2-4df7-83f8-732ea4c60068
12;12;2019-01-01T11:00:12.0000000+01:00;10;green;standing;100;False;5;3;0;0;0;False;0;10;10;False;0;50;49;38;38;007b9c32-7846-4ab0-a5f9-a376fc1eee0e
12;12;2019-01-01T11:00:12.0000000+01:00;10;green;standing;100;False;5;2;0;0;0;False;0;10;10;False;0;50;50;38;38;38f2f1e0-83c3-460e-9565-bbe9ce117726
12;12;2019-01-01T11:00:12.0000000+01:00;10;green;standing;100;False;5;1;0;0;0;False;0;10;10;False;0;49;50;38;38;b63c1a2a-65c2-4df7-83f8-732ea4c60068
13;13;2019-01-01T11:00:13.0000000+01:00;10;green;standing;100;False;5;3;0;0;0;False;0;10;10;False;0;50;49;37;37;007b9c32-7846-4ab0-a5f9-a376fc1eee0e
13;13;2019-01-01T11:00:13.0000000+01:00;10;green;standing;100;False;5;2;0;0;0;False;0;10;10;False;0;50;50;37;37;38f2f1e0-83c3-460e-9565-bbe9ce117726
13;13;2019-01-01T11:00:13.0000000+01:00;10;green;standing;100;False;5;1;0;0;0;False;0;10;10;False;0;49;50;37;37;b63c1a2a-65c2-4df7-83f8-732ea4c60068
14;14;2019-01-01T11:00:14.0000000+01:00;10;green;standing;100;False;5;3;0;0;0;False;0;10;10;False;0;50;49;36;36;007b9c32-7846-4ab0-a5f9-a376fc1eee0e
14;14;2019-01-01T11:00:14.0000000+01:00;10;green;standing;100;False;5;2;0;0;0;False;0;10;10;False;0;50;50;36;36;38f2f1e0-83c3-460e-9565-bbe9ce117726
14;14;2019-01-01T11:00:14.0000000+01:00;10;green;standing;100;False;5;1;0;0;0;False;0;10;10;False;0;49;50;36;36;b63c1a2a-65c2-4df7-83f8-732ea4c60068
15;15;2019-01-01T11:00:15.0000000+01:00;10;green;standing;100;False;5;3;0;0;0;False;0;10;10;False;0;50;49;35;35;007b9c32-7846-4ab0-a5f9-a376fc1eee0e
15;15;2019-01-01T11:00:15.0000000+01:00;10;green;standing;100;False;5;2;0;0;0;False;0;10;10;False;0;50;50;35;35;38f2f1e0-83c3-460e-9565-bbe9ce117726
15;15;2019-01-01T11:00:15.0000000+01:00;10;green;standing;100;False;5;1;0;0;0;False;0;10;10;False;0;49;50;35;35;b63c1a2a-65c2-4df7-83f8-732ea4c60068
16;16;2019-01-01T11:00:16.0000000+01:00;10;green;standing;100;False;5;3;0;0;0;False;0;10;10;False;0;50;49;34;34;007b9c32-7846-4ab0-a5f9-a376fc1eee0e
16;16;2019-01-01T11:00:16.0000000+01:00;10;green;standing;100;False;5;2;0;0;0;False;0;10;10;False;0;50;50;34;34;38f2f1e0-83c3-460e-9565-bbe9ce117726
16;16;2019-01-01T11:00:16.0000000+01:00;10;green;standing;100;False;5;1;0;0;0;False;0;10;10;False;0;49;50;34;34;b63c1a2a-65c2-4df7-83f8-732ea4c60068
17;17;2019-01-01T11:00:17.0000000+01:00;10;green;standing;100;False;5;3;0;0;0;False;0;10;10;False;0;50;49;33;33;007b9c32-7846-4ab0-a5f9-a376fc1eee0e
17;17;2019-01-01T11:00:17.0000000+01:00;10;green;standing;100;False;5;2;0;0;0;False;0;10;10;False;0;50;50;33;33;38f2f1e0-83c3-460e-9565-bbe9ce117726
17;17;2019-01-01T11:00:17.0000000+01:00;10;green;standing;100;False;5;1;0;0;0;False;0;10;10;False;0;49;50;33;33;b63c1a2a-65c2-4df7-83f8-732ea4c60068
18;18;2019-01-01T11:00:18.0000000+01:00;10;green;standing;100;False;5;3;0;0;0;False;0;10;10;False;0;50;49;32;32;007b9c32-7846-4ab0-a5f9-a376fc1eee0e
18;18;2019-01-01T11:00:18.0000000+01:00;10;green;standing;100;False;5;2;0;0;0;False;0;10;10;False;0;50;50;32;32;38f2f1e0-83c3-460e-9565-bbe9ce117726
18;18;2019-01-01T11:00:18.0000000+01:00;10;green;standing;100;False;5;1;0;0;0;False;0;10;10;False;0;49;50;32;32;b63c1a2a-65c2-4df7-83f8-732ea4c60068
19;19;2019-01-01T11:00:19.0000000+01:00;10;green;standing;100;False;5;3;0;0;0;False;0;10;10;False;0;50;49;31;31;007b9c32-7846-4ab0-a5f9-a376fc1eee0e
19;19;2019-01-01T11:00:19.0000000+01:00;10;green;standing;100;False;5;2;0;0;0;False;0;10;10;False;0;50;50;31;31;38f2f1e0-83c3-460e-9565-bbe9ce117726
19;19;2019-01-01T11:00:19.0000000+01:00;10;green;standing;100;False;5;1;0;0;0;False;0;10;10;False;0;49;50;31;31;b63c1a2a-65c2-4df7-83f8-732ea4c60068
20;20;2019-01-01T11:00:20.0000000+01:00;10;green;standing;100;False;5;3;0;0;0;False;0;10;10;False;0;50;49;30;30;007b9c32-7846-4ab0-a5f9-a376fc1eee0e
20;20;2019-01-01T11:00:20.0000000+01:00;10;green;standing;100;False;5;2;0;0;0;False;0;10;10;False;0;50;50;30;30;38f2f1e0-83c3-460e-9565-bbe9ce117726
20;20;2019-01-01T11:00:20.0000000+01:00;10;green;standing;100;False;5;1;0;0;0;False;0;10;10;False;0;49;50;30;30;b63c1a2a-65c2-4df7-83f8-732ea4c60068
21;21;2019-01-01T11:00:21.0000000+01:00;10;green;standing;100;False;5;3;0;0;0;False;0;10;10;False;0;50;49;29;29;007b9c32-7846-4ab0-a5f9-a376fc1eee0e
21;21;2019-01-01T11:00:21.0000000+01:00;10;green;standing;100;False;5;2;0;0;0;False;0;10;10;False;0;50;50;29;29;38f2f1e0-83c3-460e-9565-bbe9ce117726
21;21;2019-01-01T11:00:21.0000000+01:00;10;green;standing;100;False;5;1;0;0;0;False;0;10;10;False;0;49;50;29;29;b63c1a2a-65c2-4df7-83f8-732ea4c60068
22;22;2019-01-01T11:00:22.0000000+01:00;10;green;standing;100;False;5;3;0;0;0;False;0;10;10;False;0;50;49;28;28;007b9c32-7846-4ab0-a5f9-a376fc1eee0e
22;22;2019-01-01T11:00:22.0000000+01:00;10;green;standing;100;False;5;2;0;0;0;False;0;10;10;False;0;50;50;28;28;38f2f1e0-83c3-460e-9565-bbe9ce117726
22;22;2019-01-01T11:00:22.0000000+01:00;10;green;standing;100;False;5;1;0;0;0;False;0;10;10;False;0;49;50;28;28;b63c1a2a-65c2-4df7-83f8-732ea4c60068
23;23;2019-01-01T11:00:23.0000000+01:00;10;green;standing;100;False;5;3;0;0;0;False;0;10;10;False;0;50;49;27;27;007b9c32-7846-4ab0-a5f9-a376fc1eee0e
23;23;2019-01-01T11:00:23.0000000+01:00;10;green;standing;100;False;5;2;0;0;0;False;0;10;10;False;0;50;50;27;27;38f2f1e0-83c3-460e-9565-bbe9ce117726
23;23;2019-01-01T11:00:23.0000000+01:00;10;green;standing;100;False;5;1;0;0;0;False;0;10;10;False;0;49;50;27;27;b63c1a2a-65c2-4df7-83f8-732ea4c60068
24;24;2019-01-01T11:00:24.0000000+01:00;10;green;standing;100;False;5;3;0;0;0;False;0;10;10;False;0;50;49;26;26;007b9c32-7846-4ab0-a5f9-a376fc1eee0e
24;24;2019-01-01T11:00:24.0000000+01:00;10;green;standing;100;False;5;2;0;0;0;False;0;10;10;False;0;50;50;26;26;38f2f1e0-83c3-460e-9565-bbe9ce117726
24;24;2019-01-01T11:00:24.0000000+01:00;10;green;standing;100;False;5;1;0;0;0;False;0;10;10;False;0;49;50;26;26;b63c1a2a-65c2-4df7-83f8-732ea4c60068
25;25;2019-01-01T11:00:25.0000000+01:00;10;green;standing;100;False;5;3;0;0;0;False;0;10;10;False;0;50;49;26;26;007b9c32-7846-4ab0-a5f9-a376fc1eee0e
25;25;2019-01-01T11:00:25.0000000+01:00;10;green;standing;100;False;5;2;0;0;0;False;0;10;10;False;0;50;50;26;26;38f2f1e0-83c3-460e-9565-bbe9ce117726
25;25;2019-01-01T11:00:25.0000000+01:00;10;green;standing;100;False;5;1;0;0;0;False;0;10;10;False;0;49;50;26;26;b63c1a2a-65c2-4df7-83f8-732ea4c60068
26;26;2019-01-01T11:00:26.0000000+01:00;10;green;standing;100;False;5;3;0;0;0;False;0;10;10;False;0;50;49;26;26;007b9c32-7846-4ab0-a5f9-a376fc1eee0e
26;26;2019-01-01T11:00:26.0000000+01:00;10;green;standing;100;False;5;2;0;0;0;False;0;10;10;False;0;50;50;26;26;38f2f1e0-83c3-460e-9565-bbe9ce117726
26;26;2019-01-01T11:00:26.0000000+01:00;10;green;standing;100;False;5;1;0;0;0;False;0;10;10;False;0;49;50;26;26;b63c1a2a-65c2-4df7-83f8-732ea4c60068
27;27;2019-01-01T11:00:27.0000000+01:00;10;green;standing;100;False;5;3;0;0;0;False;0;10;10;False;0;50;49;26;26;007b9c32-7846-4ab0-a5f9-a376fc1eee0e
27;27;2019-01-01T11:00:27.0000000+01:00;10;green;standing;100;False;5;2;0;0;0;False;0;10;10;False;0;50;50;26;26;38f2f1e0-83c3-460e-9565-bbe9ce117726
27;27;2019-01-01T11:00:27.0000000+01:00;10;green;standing;100;False;5;1;0;0;0;False;0;10;10;False;0;49;50;26;26;b63c1a2a-65c2-4df7-83f8-732ea4c60068
28;28;2019-01-01T11:00:28.0000000+01:00;10;green;standing;100;False;5;3;0;0;0;False;0;10;10;False;0;50;49;26;26;007b9c32-7846-4ab0-a5f9-a376fc1eee0e
28;28;2019-01-01T11:00:28.0000000+01:00;10;green;standing;100;False;5;2;0;0;0;False;0;10;10;False;0;50;50;26;26;38f2f1e0-83c3-460e-9565-bbe9ce117726
28;28;2019-01-01T11:00:28.0000000+01:00;10;green;standing;100;False;5;1;0;0;0;False;0;10;10;False;0;49;50;26;26;b63c1a2a-65c2-4df7-83f8-732ea4c60068
29;29;2019-01-01T11:00:29.0000000+01:00;10;green;standing;100;False;5;3;0;0;0;False;0;10;10;False;0;50;49;26;26;007b9c32-7846-4ab0-a5f9-a376fc1eee0e
29;29;2019-01-01T11:00:29.0000000+01:00;10;green;standing;100;False;5;2;0;0;0;False;0;10;10;False;0;50;50;26;26;38f2f1e0-83c3-460e-9565-bbe9ce117726
29;29;2019-01-01T11:00:29.0000000+01:00;10;green;standing;100;False;5;1;0;0;0;False;0;10;10;False;0;49;50;26;26;b63c1a2a-65c2-4df7-83f8-732ea4c60068
30;30;2019-01-01T11:00:30.0000000+01:00;10;green;standing;100;False;5;3;0;0;0;False;0;10;10;False;0;50;49;26;26;007b9c32-7846-4ab0-a5f9-a376fc1eee0e
30;30;2019-01-01T11:00:30.0000000+01:00;10;green;standing;100;False;5;2;0;0;0;False;0;10;10;False;0;50;50;26;26;38f2f1e0-83c3-460e-9565-bbe9ce117726
30;30;2019-01-01T11:00:30.0000000+01:00;10;green;standing;100;False;5;1;0;0;0;False;0;10;10;False;0;49;50;26;26;b63c1a2a-65c2-4df7-83f8-732ea4c60068
31;31;2019-01-01T11:00:31.0000000+01:00;10;green;standing;100;False;5;3;0;0;0;False;0;10;10;False;0;50;49;26;26;007b9c32-7846-4ab0-a5f9-a376fc1eee0e
31;31;2019-01-01T11:00:31.0000000+01:00;10;green;standing;100;False;5;2;0;0;0;False;0;10;10;False;0;50;50;26;26;38f2f1e0-83c3-460e-9565-bbe9ce117726
31;31;2019-01-01T11:00:31.0000000+01:00;10;green;standing;100;False;5;1;0;0;0;False;0;10;10;False;0;49;50;26;26;b63c1a2a-65c2-4df7-83f8-732ea4c60068
32;32;2019-01-01T11:00:32.0000000+01:00;10;green;standing;100;False;5;3;0;0;0;False;0;10;10;False;0;50;49;26;26;007b9c32-7846-4ab0-a5f9-a376fc1eee0e
32;32;2019-01-01T11:00:32.0000000+01:00;10;green;standing;100;False;5;2;0;0;0;False;0;10;10;False;0;50;50;26;26;38f2f1e0-83c3-460e-9565-bbe9ce117726
32;32;2019-01-01T11:00:32.0000000+01:00;10;green;standing;100;False;5;1;0;0;0;False;0;10;10;False;0;49;50;26;26;b63c1a2a-65c2-4df7-83f8-732ea4c60068
33;33;2019-01-01T11:00:33.0000000+01:00;10;green;standing;100;False;5;3;0;0;0;False;0;10;10;False;0;50;49;26;26;007b9c32-7846-4ab0-a5f9-a376fc1eee0e
33;33;2019-01-01T11:00:33.0000000+01:00;10;green;standing;100;False;5;2;0;0;0;False;0;10;10;False;0;50;50;26;26;38f2f1e0-83c3-460e-9565-bbe9ce117726
33;33;2019-01-01T11:00:33.0000000+01:00;10;green;standing;100;False;5;1;0;0;0;False;0;10;10;False;0;49;50;26;26;b63c1a2a-65c2-4df7-83f8-732ea4c60068
34;34;2019-01-01T11:00:34.0000000+01:00;10;green;standing;100;False;5;3;0;0;0;False;0;10;10;False;0;50;49;26;26;007b9c32-7846-4ab0-a5f9-a376fc1eee0e
34;34;2019-01-01T11:00:34.0000000+01:00;10;green;standing;100;False;5;2;0;0;0;False;0;10;10;False;0;50;50;26;26;38f2f1e0-83c3-460e-9565-bbe9ce117726
34;34;2019-01-01T11:00:34.0000000+01:00;10;green;standing;100;False;5;1;0;0;0;False;0;10;10;False;0;49;50;26;26;b63c1a2a-65c2-4df7-83f8-732ea4c60068
35;35;2019-01-01T11:00:35.0000000+01:00;10;green;standing;100;False;5;3;0;0;0;False;0;10;10;False;0;50;49;26;26;007b9c32-7846-4ab0-a5f9-a376fc1eee0e
35;35;2019-01-01T11:00:35.0000000+01:00;10;green;standing;100;False;5;2;0;0;0;False;0;10;10;False;0;50;50;26;26;38f2f1e0-83c3-460e-9565-bbe9ce117726
35;35;2019-01-01T11:00:35.0000000+01:00;10;green;standing;100;False;5;1;0;0;0;False;0;10;10;False;0;49;50;26;26;b63c1a2a-65c2-4df7-83f8-732ea4c60068
36;36;2019-01-01T11:00:36.0000000+01:00;10;green;standing;100;False;5;3;0;0;0;False;0;10;10;False;0;50;49;26;26;007b9c32-7846-4ab0-a5f9-a376fc1eee0e
36;36;2019-01-01T11:00:36.0000000+01:00;10;green;standing;100;False;5;2;0;0;0;False;0;10;10;False;0;50;50;26;26;38f2f1e0-83c3-460e-9565-bbe9ce117726
36;36;2019-01-01T11:00:36.0000000+01:00;10;green;standing;100;False;5;1;0;0;0;False;0;10;10;False;0;49;50;26;26;b63c1a2a-65c2-4df7-83f8-732ea4c60068
37;37;2019-01-01T11:00:37.0000000+01:00;10;green;standing;100;False;5;3;0;0;0;False;0;10;10;False;0;50;49;26;26;007b9c32-7846-4ab0-a5f9-a376fc1eee0e
37;37;2019-01-01T11:00:37.0000000+01:00;10;green;standing;100;False;5;2;0;0;0;False;0;10;10;False;0;50;50;26;26;38f2f1e0-83c3-460e-9565-bbe9ce117726
37;37;2019-01-01T11:00:37.0000000+01:00;10;green;standing;100;False;5;1;0;0;0;False;0;10;10;False;0;49;50;26;26;b63c1a2a-65c2-4df7-83f8-732ea4c60068
38;38;2019-01-01T11:00:38.0000000+01:00;10;green;standing;100;False;5;3;0;0;0;False;0;10;10;False;0;50;49;26;26;007b9c32-7846-4ab0-a5f9-a376fc1eee0e
38;38;2019-01-01T11:00:38.0000000+01:00;10;green;standing;100;False;5;2;0;0;0;False;0;10;10;False;0;50;50;26;26;38f2f1e0-83c3-460e-9565-bbe9ce117726
38;38;2019-01-01T11:00:38.0000000+01:00;10;green;standing;100;False;5;1;0;0;0;False;0;10;10;False;0;49;50;26;26;b63c1a2a-65c2-4df7-83f8-732ea4c60068
39;39;2019-01-01T11:00:39.0000000+01:00;10;green;standing;100;False;5;3;0;0;0;False;0;10;10;False;0;50;49;26;26;007b9c32-7846-4ab0-a5f9-a376fc1eee0e
39;39;2019-01-01T11:00:39.0000000+01:00;10;green;standing;100;False;5;2;0;0;0;False;0;10;10;False;0;50;50;26;26;38f2f1e0-83c3-460e-9565-bbe9ce117726
39;39;2019-01-01T11:00:39.0000000+01:00;10;green;standing;100;False;5;1;0;0;0;False;0;10;10;False;0;49;50;26;26;b63c1a2a-65c2-4df7-83f8-732ea4c60068
40;40;2019-01-01T11:00:40.0000000+01:00;10;green;standing;100;False;5;3;0;0;0;False;0;10;10;False;0;50;49;26;26;007b9c32-7846-4ab0-a5f9-a376fc1eee0e
40;40;2019-01-01T11:00:40.0000000+01:00;10;green;standing;100;False;5;2;0;0;0;False;0;10;10;False;0;50;50;26;26;38f2f1e0-83c3-460e-9565-bbe9ce117726
40;40;2019-01-01T11:00:40.0000000+01:00;10;green;standing;100;False;5;1;0;0;0;False;0;10;10;False;0;49;50;26;26;b63c1a2a-65c2-4df7-83f8-732ea4c60068
41;41;2019-01-01T11:00:41.0000000+01:00;10;green;standing;100;False;5;3;0;0;0;False;0;10;10;False;0;50;49;26;26;007b9c32-7846-4ab0-a5f9-a376fc1eee0e
41;41;2019-01-01T11:00:41.0000000+01:00;10;green;standing;100;False;5;2;0;0;0;False;0;10;10;False;0;50;50;26;26;38f2f1e0-83c3-460e-9565-bbe9ce117726
41;41;2019-01-01T11:00:41.0000000+01:00;10;green;standing;100;False;5;1;0;0;0;False;0;10;10;False;0;49;50;26;26;b63c1a2a-65c2-4df7-83f8-732ea4c60068
42;42;2019-01-01T11:00:42.0000000+01:00;10;green;standing;100;False;5;3;0;0;0;False;0;10;10;False;0;50;49;26;26;007b9c32-7846-4ab0-a5f9-a376fc1eee0e
42;42;2019-01-01T11:00:42.0000000+01:00;10;green;standing;100;False;5;2;0;0;0;False;0;10;10;False;0;50;50;26;26;38f2f1e0-83c3-460e-9565-bbe9ce117726
42;42;2019-01-01T11:00:42.0000000+01:00;10;green;standing;100;False;5;1;0;0;0;False;0;10;10;False;0;49;50;26;26;b63c1a2a-65c2-4df7-83f8-732ea4c60068
43;43;2019-01-01T11:00:43.0000000+01:00;10;green;standing;100;False;5;3;0;0;0;False;0;10;10;False;0;50;49;26;26;007b9c32-7846-4ab0-a5f9-a376fc1eee0e
43;43;2019-01-01T11:00:43.0000000+01:00;10;green;standing;100;False;5;2;0;0;0;False;0;10;10;False;0;50;50;26;26;38f2f1e0-83c3-460e-9565-bbe9ce117726
43;43;2019-01-01T11:00:43.0000000+01:00;10;green;standing;100;False;5;1;0;0;0;False;0;10;10;False;0;49;50;26;26;b63c1a2a-65c2-4df7-83f8-732ea4c60068
44;44;2019-01-01T11:00:44.0000000+01:00;10;green;standing;100;False;5;3;0;0;0;False;0;10;10;False;0;50;49;26;26;007b9c32-7846-4ab0-a5f9-a376fc1eee0e
44;44;2019-01-01T11:00:44.0000000+01:00;10;green;standing;100;False;5;2;0;0;0;False;0;10;10;False;0;50;50;26;26;38f2f1e0-83c3-460e-9565-bbe9ce117726
44;44;2019-01-01T11:00:44.0000000+01:00;10;green;standing;100;False;5;1;0;0;0;False;0;10;10;False;0;49;50;26;26;b63c1a2a-65c2-4df7-83f8-732ea4c60068
45;45;2019-01-01T11:00:45.0000000+01:00;10;green;standing;100;False;5;3;0;0;0;False;0;10;10;False;0;50;49;26;26;007b9c32-7846-4ab0-a5f9-a376fc1eee0e
45;45;2019-01-01T11:00:45.0000000+01:00;10;green;standing;100;False;5;2;0;0;0;False;0;10;10;False;0;50;50;26;26;38f2f1e0-83c3-460e-9565-bbe9ce117726
45;45;2019-01-01T11:00:45.0000000+01:00;10;green;standing;100;False;5;1;0;0;0;False;0;10;10;False;0;49;50;26;26;b63c1a2a-65c2-4df7-83f8-732ea4c60068
46;46;2019-01-01T11:00:46.0000000+01:00;10;green;standing;100;False;5;3;0;0;0;False;0;10;10;False;0;50;49;26;26;007b9c32-7846-4ab0-a5f9-a376fc1eee0e
46;46;2019-01-01T11:00:46.0000000+01:00;10;green;standing;100;False;5;2;0;0;0;False;0;10;10;False;0;50;50;26;26;38f2f1e0-83c3-460e-9565-bbe9ce117726
46;46;2019-01-01T11:00:46.0000000+01:00;10;green;standing;100;False;5;1;0;0;0;False;0;10;10;False;0;49;50;26;26;b63c1a2a-65c2-4df7-83f8-732ea4c60068
47;47;2019-01-01T11:00:47.0000000+01:00;10;green;standing;100;False;5;3;0;0;0;False;0;10;10;False;0;50;49;26;26;007b9c32-7846-4ab0-a5f9-a376fc1eee0e
47;47;2019-01-01T11:00:47.0000000+01:00;10;green;standing;100;False;5;2;0;0;0;False;0;10;10;False;0;50;50;26;26;38f2f1e0-83c3-460e-9565-bbe9ce117726
47;47;2019-01-01T11:00:47.0000000+01:00;10;green;standing;100;False;5;1;0;0;0;False;0;10;10;False;0;49;50;26;26;b63c1a2a-65c2-4df7-83f8-732ea4c60068
48;48;2019-01-01T11:00:48.0000000+01:00;10;green;standing;100;False;5;3;0;0;0;False;0;10;10;False;0;50;49;26;26;007b9c32-7846-4ab0-a5f9-a376fc1eee0e
48;48;2019-01-01T11:00:48.0000000+01:00;10;green;standing;100;False;5;2;0;0;0;False;0;10;10;False;0;50;50;26;26;38f2f1e0-83c3-460e-9565-bbe9ce117726
48;48;2019-01-01T11:00:48.0000000+01:00;10;green;standing;100;False;5;1;0;0;0;False;0;10;10;False;0;49;50;26;26;b63c1a2a-65c2-4df7-83f8-732ea4c60068
49;49;2019-01-01T11:00:49.0000000+01:00;10;green;standing;100;False;5;3;0;0;0;False;0;10;10;False;0;50;49;26;26;007b9c32-7846-4ab0-a5f9-a376fc1eee0e
49;49;2019-01-01T11:00:49.0000000+01:00;10;green;standing;100;False;5;2;0;0;0;False;0;10;10;False;0;50;50;26;26;38f2f1e0-83c3-460e-9565-bbe9ce117726
49;49;2019-01-01T11:00:49.0000000+01:00;10;green;standing;100;False;5;1;0;0;0;False;0;10;10;False;0;49;50;26;26;b63c1a2a-65c2-4df7-83f8-732ea4c60068
50;50;2019-01-01T11:00:50.0000000+01:00;10;green;standing;100;False;5;3;0;0;0;False;0;10;10;False;0;50;49;26;26;007b9c32-7846-4ab0-a5f9-a376fc1eee0e
50;50;2019-01-01T11:00:50.0000000+01:00;10;green;standing;100;False;5;2;0;0;0;False;0;10;10;False;0;50;50;26;26;38f2f1e0-83c3-460e-9565-bbe9ce117726
50;50;2019-01-01T11:00:50.0000000+01:00;10;green;standing;100;False;5;1;0;0;0;False;0;10;10;False;0;49;50;26;26;b63c1a2a-65c2-4df7-83f8-732ea4c60068
51;51;2019-01-01T11:00:51.0000000+01:00;10;green;standing;100;False;5;3;0;0;0;False;0;10;10;False;0;50;49;26;26;007b9c32-7846-4ab0-a5f9-a376fc1eee0e
51;51;2019-01-01T11:00:51.0000000+01:00;10;green;standing;100;False;5;2;0;0;0;False;0;10;10;False;0;50;50;26;26;38f2f1e0-83c3-460e-9565-bbe9ce117726
51;51;2019-01-01T11:00:51.0000000+01:00;10;green;standing;100;False;5;1;0;0;0;False;0;10;10;False;0;49;50;26;26;b63c1a2a-65c2-4df7-83f8-732ea4c60068
52;52;2019-01-01T11:00:52.0000000+01:00;10;green;standing;100;False;5;3;0;0;0;False;0;10;10;False;0;50;49;26;26;007b9c32-7846-4ab0-a5f9-a376fc1eee0e
52;52;2019-01-01T11:00:52.0000000+01:00;10;green;standing;100;False;5;2;0;0;0;False;0;10;10;False;0;50;50;26;26;38f2f1e0-83c3-460e-9565-bbe9ce117726
52;52;2019-01-01T11:00:52.0000000+01:00;10;green;standing;100;False;5;1;0;0;0;False;0;10;10;False;0;49;50;26;26;b63c1a2a-65c2-4df7-83f8-732ea4c60068
53;53;2019-01-01T11:00:53.0000000+01:00;10;green;standing;100;False;5;3;0;0;0;False;0;10;10;False;0;50;49;26;26;007b9c32-7846-4ab0-a5f9-a376fc1eee0e
53;53;2019-01-01T11:00:53.0000000+01:00;10;green;standing;100;False;5;2;0;0;0;False;0;10;10;False;0;50;50;26;26;38f2f1e0-83c3-460e-9565-bbe9ce117726
53;53;2019-01-01T11:00:53.0000000+01:00;10;green;standing;100;False;5;1;0;0;0;False;0;10;10;False;0;49;50;26;26;b63c1a2a-65c2-4df7-83f8-732ea4c60068
54;54;2019-01-01T11:00:54.0000000+01:00;10;green;standing;100;False;5;3;0;0;0;False;0;10;10;False;0;50;49;26;26;007b9c32-7846-4ab0-a5f9-a376fc1eee0e
54;54;2019-01-01T11:00:54.0000000+01:00;10;green;standing;100;False;5;2;0;0;0;False;0;10;10;False;0;50;50;26;26;38f2f1e0-83c3-460e-9565-bbe9ce117726
54;54;2019-01-01T11:00:54.0000000+01:00;10;green;standing;100;False;5;1;0;0;0;False;0;10;10;False;0;49;50;26;26;b63c1a2a-65c2-4df7-83f8-732ea4c60068
55;55;2019-01-01T11:00:55.0000000+01:00;10;green;standing;100;False;5;3;0;0;0;False;0;10;10;False;0;50;49;26;26;007b9c32-7846-4ab0-a5f9-a376fc1eee0e
55;55;2019-01-01T11:00:55.0000000+01:00;10;green;standing;100;False;5;2;0;0;0;False;0;10;10;False;0;50;50;26;26;38f2f1e0-83c3-460e-9565-bbe9ce117726
55;55;2019-01-01T11:00:55.0000000+01:00;10;green;standing;100;False;5;1;0;0;0;False;0;10;10;False;0;49;50;26;26;b63c1a2a-65c2-4df7-83f8-732ea4c60068
56;56;2019-01-01T11:00:56.0000000+01:00;10;green;standing;100;False;5;3;0;0;0;False;0;10;10;False;0;50;49;26;26;007b9c32-7846-4ab0-a5f9-a376fc1eee0e
56;56;2019-01-01T11:00:56.0000000+01:00;10;green;standing;100;False;5;2;0;0;0;False;0;10;10;False;0;50;50;26;26;38f2f1e0-83c3-460e-9565-bbe9ce117726
56;56;2019-01-01T11:00:56.0000000+01:00;10;green;standing;100;False;5;1;0;0;0;False;0;10;10;False;0;49;50;26;26;b63c1a2a-65c2-4df7-83f8-732ea4c60068
57;57;2019-01-01T11:00:57.0000000+01:00;10;green;standing;100;False;5;3;0;0;0;False;0;10;10;False;0;50;49;26;26;007b9c32-7846-4ab0-a5f9-a376fc1eee0e
57;57;2019-01-01T11:00:57.0000000+01:00;10;green;standing;100;False;5;2;0;0;0;False;0;10;10;False;0;50;50;26;26;38f2f1e0-83c3-460e-9565-bbe9ce117726
57;57;2019-01-01T11:00:57.0000000+01:00;10;green;standing;100;False;5;1;0;0;0;False;0;10;10;False;0;49;50;26;26;b63c1a2a-65c2-4df7-83f8-732ea4c60068
58;58;2019-01-01T11:00:58.0000000+01:00;10;green;standing;100;False;5;3;0;0;0;False;0;10;10;False;0;50;49;26;26;007b9c32-7846-4ab0-a5f9-a376fc1eee0e
58;58;2019-01-01T11:00:58.0000000+01:00;10;green;standing;100;False;5;2;0;0;0;False;0;10;10;False;0;50;50;26;26;38f2f1e0-83c3-460e-9565-bbe9ce117726
58;58;2019-01-01T11:00:58.0000000+01:00;10;green;standing;100;False;5;1;0;0;0;False;0;10;10;False;0;49;50;26;26;b63c1a2a-65c2-4df7-83f8-732ea4c60068
59;59;2019-01-01T11:00:59.0000000+01:00;10;green;standing;100;False;5;3;0;0;0;False;0;10;10;False;0;50;49;26;26;007b9c32-7846-4ab0-a5f9-a376fc1eee0e
59;59;2019-01-01T11:00:59.0000000+01:00;10;green;standing;100;False;5;2;0;0;0;False;0;10;10;False;0;50;50;26;26;38f2f1e0-83c3-460e-9565-bbe9ce117726
59;59;2019-01-01T11:00:59.0000000+01:00;10;green;standing;100;False;5;1;0;0;0;False;0;10;10;False;0;49;50;26;26;b63c1a2a-65c2-4df7-83f8-732ea4c60068
60;60;2019-01-01T11:01:00.0000000+01:00;10;green;standing;100;False;5;3;0;0;0;False;0;10;10;False;0;50;49;26;26;007b9c32-7846-4ab0-a5f9-a376fc1eee0e
60;60;2019-01-01T11:01:00.0000000+01:00;10;green;standing;100;False;5;2;0;0;0;False;0;10;10;False;0;50;50;26;26;38f2f1e0-83c3-460e-9565-bbe9ce117726
60;60;2019-01-01T11:01:00.0000000+01:00;10;green;standing;100;False;5;1;0;0;0;False;0;10;10;False;0;49;50;26;26;b63c1a2a-65c2-4df7-83f8-732ea4c60068
